Workbook

Sheet 任务总表
A1: 任务名称 | B1: 所属大类 | C1: 子项备注 | D1: 负责人 | E1: 协同人 | F1: 状态 | G1: 进度% | H1: 开始日期 | I1: 截止日期 | J1: 优先级 | K1: 堵点说明 | L1: 是否逾期 | M1: 更新日期
L2: =IF(AND(F2<>"已完成",I2<>"",TODAY()>I2),"逾期","正常")
L3: =IF(AND(F3<>"已完成",I3<>"",TODAY()>I3),"逾期","正常")
L4: =IF(AND(F4<>"已完成",I4<>"",TODAY()>I4),"逾期","正常")
L5: =IF(AND(F5<>"已完成",I5<>"",TODAY()>I5),"逾期","正常")
L6: =IF(AND(F6<>"已完成",I6<>"",TODAY()>I6),"逾期","正常")
L7: =IF(AND(F7<>"已完成",I7<>"",TODAY()>I7),"逾期","正常")
L8: =IF(AND(F8<>"已完成",I8<>"",TODAY()>I8),"逾期","正常")
L9: =IF(AND(F9<>"已完成",I9<>"",TODAY()>I9),"逾期","正常")
L10: =IF(AND(F10<>"已完成",I10<>"",TODAY()>I10),"逾期","正常")
L11: =IF(AND(F11<>"已完成",I11<>"",TODAY()>I11),"逾期","正常")
L12: =IF(AND(F12<>"已完成",I12<>"",TODAY()>I12),"逾期","正常")
L13: =IF(AND(F13<>"已完成",I13<>"",TODAY()>I13),"逾期","正常")
... L501: =IF(AND(F501<>"已完成",I501<>"",TODAY()>I501),"逾期","正常")

Sheet 仪表盘
A1: 行政部驾驶舱 · 仪表盘
A3: 总任务数 | B3: =COUNTA(任务总表!A2:A501) | D3: 状态 | E3: 数量 | G3: 大类 | H3: 数量
A4: 已完成 | B4: =COUNTIF(任务总表!F2:F501,"已完成") | D4: 未开始 | E4: =B7 | G4: 会务接待 | H4: =COUNTIF(任务总表!B2:B501,G4)
A5: 进行中 | B5: =COUNTIF(任务总表!F2:F501,"进行中") | D5: 进行中 | E5: =B5 | G5: 车辆管理 | H5: =COUNTIF(任务总表!B2:B501,G5)
A6: 已暂停 | B6: =COUNTIF(任务总表!F2:F501,"已暂停") | D6: 已完成 | E6: =B4 | G6: 后勤管理 | H6: =COUNTIF(任务总表!B2:B501,G6)
A7: 未开始 | B7: =COUNTIF(任务总表!F2:F501,"未开始") | D7: 已暂停 | E7: =B6 | G7: 物资采购 | H7: =COUNTIF(任务总表!B2:B501,G7)
A8: 逾期 | B8: =COUNTIF(任务总表!L2:L501,"逾期") | D8: 逾期 | E8: =B8 | G8: 行政办公 | H8: =COUNTIF(任务总表!B2:B501,G8)
A9: 完成率 | B9: =IF(B3>0,B4/B3,0) | G9: 人力资源 | H9: =COUNTIF(任务总表!B2:B501,G9)
G10: 其他 | H10: =COUNTIF(任务总表!B2:B501,G10)
